{"url": "https://www.ul.ie/"}
{"url": "https://www.ul.ie/academic-registry/academic-calendars-past-future/academic-calendar-2024/25"}
{"url": "https://www.ul.ie/academic-registry/academic-calendars-past-future"}
{"url": "https://www.timetable.ul.ie/"}
{"url": "https://www.timetable.ul.ie/StudentTimetable.aspx"}
{"url": "https://www.timetable.ul.ie/UA/ExamInfo.aspx"}
{"url": "https://www.timetable.ul.ie/UA/ExamTimetable.aspx"}
{"url": "https://www.timetable.ul.ie/Documents/TimetableSupportDocumentation.pdf"}
{"url": "https://www.ul.ie/cecd"}
{"url": "https://www.ul.ie/cecd/students/cooperative-education-programme"}
{"url": "https://www.ul.ie/cecd/students/cooperative-education-programme/preparing-for-cooperative-education"}
{"url": "https://www.ul.ie/cecd/students/cooperative-education-programme/during-your-co-op"}
{"url": "https://www.ul.ie/cecd/students/cooperative-education-programme/frequently-asked-questions"}
{"url": "https://www.ul.ie/accommodation"}
{"url": "https://www.ul.ie/accommodation/current-residents"}
{"url": "https://www.ul.ie/accommodation/private-accommodation"}
{"url": "https://www.accommodation.ul.ie/"}
{"url": "https://www.ul.ie/fees"}
{"url": "https://www.ul.ie/fees/course-fees"}
{"url": "https://www.ul.ie/fees/course-fees/undergraduate-fees/undergraduate-fees-2024-2025"}
{"url": "https://www.ul.ie/fees/fee-regulation"}
{"url": "https://www.ul.ie/library"}
{"url": "https://www.ul.ie/library/use-the-library"}
{"url": "https://www.ul.ie/library/use-the-library/visiting-ul-library"}
{"url": "https://www.ul.ie/library/about/contact-us"}
{"url": "https://www.ul.ie/buildings"}
{"url": "https://www.ul.ie/buildings/services/security"}
{"url": "https://www.ul.ie/buildings/services/health-safety-services"}
{"url": "https://www.ul.ie/student-affairs/counselling-service"}
{"url": "https://www.ul.ie/student-affairs/counselling-service/available-services"}
{"url": "https://www.ul.ie/about-ul"}
{"url": "https://www.ul.ie/presidents-office/university-profile/facts-and-figures"}
{"url": "https://www.ul.ie/faculties-and-departments"}
{"url": "https://www.ul.ie/style-guide/word-use-and-spelling/ul-faculties-schools-and-departments"}
{"url": "https://www.ul.ie/about-ul/directory-of-services"}
{"url": "https://www.ul.ie/courses"}
{"url": "https://www.ul.ie/courses/alphabetical-list-courses"}
{"url": "https://bookofmodules.ul.ie/"}
{"url": "https://www.ul.ie/artsoc/schools-and-departments"}
{"url": "https://www.ul.ie/scieng/departments-and-schools"}
{"url": "https://www.ul.ie/business/departments"}
{"url": "https://www.ul.ie/gps/about/faculties"}
{"url": "https://www.ul.ie/scieng/staff"}
{"url": "https://www.ul.ie/artsoc/law/staff/faculty"}
{"url": "https://www.ul.ie/business/about/staff-list"}
{"url": "https://www.ul.ie/ehs/soedu/staff/faculty"}
{"url": "https://www.ul.ie/buildings/about/staff"}
{"url": "https://www.ul.ie/scieng/staff"}
{"url": "https://www.ul.ie/scieng/mr-jj-collins"}
{"url": "https://pure.ul.ie/en/persons/john-j-collins"}
{"url": "https://www.ul.ie/business/about/staff-list"}
{"url": "https://www.ul.ie/artsoc/law/staff/faculty"}
{"url": "https://www.ul.ie/ehs/soedu/staff/faculty"}
{"url": "https://www.ul.ie/faculties-and-departments"}
{"url": "https://www.ul.ie/style-guide/word-use-and-spelling/ul-faculties-schools-and-departments"}
{"url": "https://www.ul.ie/gps/about/faculties"}
{"url": "https://www.ul.ie/scieng/departments-and-schools"}
{"url": "https://www.ul.ie/artsoc/schools-and-departments"}
{"url": "https://www.ul.ie/scieng/schools-and-departments/department-computer-science-and-information-systems"}
{"url": "https://www.ul.ie/scieng/department-computer-science-and-information-systems-staff"}
{"url": "https://www.ul.ie/scieng/courses-list/department-computer-science-and-information-systems-courses"}
{"url": "https://www.ul.ie/scieng/professor-mike-hinchey"}
{"url": "https://www.ul.ie/gps/courses/artificial-intelligence-machine-learning-msc"}
{"url": "https://www.ul.ie/gps/courses/artificial-intelligence-msc-online"}
{"url": "https://www.ul.ie/courses/bachelormaster-science-artificial-intelligence-and-machine-learning"}
{"url": "https://www.ul.ie/gps/courses/computer-vision-and-artificial-intelligence-meng"}
{"url": "https://www.ul.ie/scieng/scieng-research/research-institutes-and-centres"}
{"url": "https://www.sfi.ie/sfi-research-centres/lero/"}
{"url": "https://lero.ie/aboutlero/"}
{"url": "https://arc.lero.ie/main-researchers/"}
{"url": "https://www.ul.ie/"}
{"url": "https://www.ul.ie/faculties-and-departments"}
{"url": "https://www.ul.ie/style-guide/word-use-and-spelling/ul-faculties-schools-and-departments"}
{"url": "https://www.ul.ie/gps/about/faculties"}
{"url": "https://www.ul.ie/about-ul"}
{"url": "https://www.ul.ie/presidents-office/university-profile/facts-and-figures"}
{"url": "https://www.ul.ie/about-ul/directory-of-services"}
{"url": "https://www.ul.ie/research"}
{"url": "https://www.ul.ie/research/lero"}
{"url": "https://www.ul.ie/research/doctoral-college/research-programmes/education-and-health-sciences"}
{"url": "https://www.ul.ie/artsoc"}
{"url": "https://www.ul.ie/artsoc/schools-and-departments"}
{"url": "https://www.ul.ie/courses/discipline/arts-humanities-and-social-sciences"}
{"url": "https://www.ul.ie/ehs"}
{"url": "https://www.ul.ie/ehs/departments"}
{"url": "https://www.ul.ie/ehs/about-ehs/faculty-office"}
{"url": "https://www.ul.ie/gps/taught-programmes/faculty/education-and-health-sciences-taught-programmes"}
{"url": "https://www.ul.ie/ehs/soedu/staff/faculty"}
{"url": "https://www.ul.ie/business"}
{"url": "https://www.ul.ie/business/departments"}
{"url": "https://www.ul.ie/business/about/kbs-structure"}
{"url": "https://www.ul.ie/business/about/staff-list"}
{"url": "https://www.ul.ie/business/kbs-research/research-clusters"}
{"url": "https://www.ul.ie/scieng"}
{"url": "https://www.ul.ie/scieng/departments-and-schools"}
{"url": "https://www.ul.ie/scieng/schools-and-departments/school-engineering"}
{"url": "https://www.ul.ie/scieng/schools-and-departments/school-natural-sciences"}
{"url": "https://www.ul.ie/scieng/schools-and-departments/department-computer-science-and-information-systems"}
{"url": "https://www.ul.ie/scieng/schools-and-departments/department-computer-science-and-information-systems"}
{"url": "https://www.ul.ie/scieng/department-computer-science-and-information-systems-staff"}
{"url": "https://www.ul.ie/scieng/courses-list/department-computer-science-and-information-systems-courses"}
{"url": "https://www.ul.ie/scieng/schools-and-departments/department-computer-science-and-information-systems/postgraduate-courses"}
{"url": "https://www.ul.ie/scieng/schools-and-departments/department-computer-science-and-information-systems/research-csis"}
{"url": "https://www.ul.ie/scieng/schools-and-departments/department-computer-science-and-information-systems/csis-facilities"}
{"url": "https://www.ul.ie/scieng/schools-and-departments/department-computer-science-and-information-systems/csis-publications"}
{"url": "https://www.ul.ie/scieng/events/csis-final-year-project-demonstration-day"}
{"url": "https://www.ul.ie/courses/computer-sciences-courses"}
{"url": "https://www.ul.ie/research/lero"}
{"url": "https://pure.ul.ie/en/organisations/lero-the-research-ireland-centre-for-software/"}
{"url": "https://www.sfi.ie/sfi-research-centres/lero/"}
{"url": "https://lero.ie/aboutlero/"}
{"url": "https://lero.ie/"}
{"url": "https://lero.ie/minister-announces-investment-in-lero-research-to-improve-covid-19-contact-tracing/"}
{"url": "https://www.ul.ie/research/news/university-of-limerick-based-lero-to-invest-eu29m-in-developing-world-class-software"}
{"url": "https://www.ul.ie/research/news/ul-lero-research-worlds-first-silicon-chip-design-breakthrough-could-create-new-high-tech"}
{"url": "https://www.ul.ie/research/news/ul-lero-researchers-explore-opportunities-with-qualcomm-to-develop-ai-technologies"}
{"url": "https://www.ul.ie/news/university-of-limerick-academic-appointed-as-deputy-director-of-lero"}
{"url": "https://www.ul.ie/news/uls-professor-conor-ryan-appointed-deputy-director-of-lero"}
{"url": "https://lero.ie/e3-5m-fellowship-programme-to-probe-technologys-influence-on-time/"}
{"url": "https://lero.ie/main-researchers/"}
{"url": "https://www.ul.ie/gps/courses/artificial-intelligence-machine-learning-msc"}
{"url": "https://www.ul.ie/gps/courses/artificial-intelligence-msc-online"}
{"url": "https://www.ul.ie/courses/bachelormaster-science-artificial-intelligence-and-machine-learning"}
{"url": "https://www.ul.ie/scieng/courses/bachelor/master-of-science-in-artificial-intelligence-and-machine-learning"}
{"url": "https://www.ul.ie/gps/courses/computer-vision-and-artificial-intelligence-meng"}
{"url": "https://www.ul.ie/scieng/schools-and-departments/department-electronic-and-computer-engineering/courses/computer"}
{"url": "https://www.ul.ie/gps/data-ai-technology"}
{"url": "https://www.ul.ie/gps/taught-programmes/taught-programmes-list"}
{"url": "https://www.ul.ie/gps/courses/artificial-intelligence-machine-learning-module-ce6002"}
{"url": "https://www.ul.ie/courses/computer-sciences-courses"}
{"url": "https://www.ul.ie/courses/events/career-information-evening-computer-science-ai-ml-ise-engineering"}
{"url": "https://www.ul.ie/research/news/ul-lero-researchers-explore-opportunities-with-qualcomm-to-develop-ai-technologies"}
{"url": "https://www.ul.ie/news/uls-professor-conor-ryan-appointed-deputy-director-of-lero"}
 {"url": "https://www.ul.ie/scieng/department-computer-science-and-information-systems-staff"}
{"url": "https://pure.ul.ie/en/persons/simon-colreavy-donnelly"}
{"url": "https://www.idc.ul.ie/people/simon-colreavy-donnelly"}
{"url": "https://pure.ul.ie/en/organisations/interaction-design-centre"}
{"url": "https://www.ul.ie/scieng/schools-and-departments/department-computer-science-and-information-systems/dr-salaheddin"}
{"url": "https://pure.ul.ie/en/persons/salaheddin-alakkari"}
{"url": "https://lero.ie/people/salaheddin-alakkari"}
{"url": "https://software-engineering.ie/the-team-behind-ise/"}
 {"url": "https://virtualworldscsis.wordpress.com/about/"}
{"url": "https://lnx.poggiodelpapa.com/linguaggi/LSL/tutorial_EN/00_menu.html"}
{"url": "https://orcid.org/0000-0001-8022-0297"}
{"url": "https://www.data-science.ie/supervisors.html"}
{"url": "https://virtualworldscsis.wordpress.com/about/"}
{"url": "https://www.data-science.ie/supervisors.html"}
{"url": "https://www.ul.ie/"}

{"url": "https://www.ul.ie/scieng/department-computer-science-and-information-systems-staff"}

{"url": "https://www.ul.ie/research/dept-of-computer-science-information"}

{"url": "https://www.ul.ie/scieng/schools-and-departments/department-computer-science-and-information-systems/athena-swan-csis"}

{"url": "https://pure.ul.ie/en/persons/john-j-collins"}

{"url": "https://www.ul.ie/scieng/mr-jj-collins"}

{"url": "https://www.ul.ie/scieng/mr-jj-collins-0"}

{"url": "https://www.ul.ie/courses/computer-science-common-entry"}

{"url": "https://www.ul.ie/courses/content/4600"}

{"url": "https://pure.ul.ie/en/persons/simon-colreavy-donnelly"}

{"url": "https://www.ul.ie/courses/dr-simon-colreavy"}

{"url": "https://www.idc.ul.ie/people/simon-colreavy-donnelly"}

{"url": "https://www.ul.ie/scieng/dr-nikola-nikolov"}

{"url": "https://pure.ul.ie/en/persons/nicola-nicolov"}

{"url": "https://www.ul.ie/gps/content/6643"}

{"url": "https://www.idc.ul.ie/people/nikola-nikolov"}

{"url": "https://www.ul.ie/scieng/schools-and-departments/global/research/faculty-research-areas"}

{"url": "https://www.ul.ie/scieng/schools-and-departments/department-computer-science-and-information-systems/jane-kierse"}

{"url": "https://www.ul.ie/scieng/schools-and-departments/department-computer-science-and-information-systems/events/computer"}

{"url": "https://www.ul.ie/scieng/schools-and-departments/department-computer-science-and-information-systems/news/csis-2"}

{"url": "https://www.ul.ie/media/56117/download?inline="}

{"url": "https://www.ul.ie/media/48710/download?inline="}

{"url": "https://www.ul.ie/scieng/prof-dr-tiziana-margaria"}

{"url": "https://www.ul.ie/scieng/prof-dr-tiziana-margaria-0"}

{"url": "https://pure.ul.ie/en/persons/tiziana-margaria"}

{"url": "https://pure.ul.ie/en/organisations/lero-the-research-ireland-centre-for-software"}

{"url": "https://www.ul.ie/research/lero"}

{"url": "https://www.ul.ie/research/institutes-centres"}

{"url": "https://www.ul.ie/courses/bachelormaster-science-artificial-intelligence-and-machine-learning"}

{"url": "https://www.ul.ie/gps/courses/artificial-intelligence-machine-learning-msc"}

{"url": "https://www.ul.ie/gps/courses/artificial-intelligence-machine-learning-module-ce6002"}

{"url": "https://www.ul.ie/buildings"}

{"url": "https://www.ul.ie/buildings/campus-maps"}

{"url": "https://www.ul.ie/accommodation"}

{"url": "https://www.ul.ie/accommodation/current-residents"}

{"url": "https://www.ul.ie/accommodation/current-residents/residential-life"}

{"url": "https://www.ul.ie/accommodation/postgraduate-students"}

{"url": "https://www.ul.ie/campus-life-services"}

{"url": "https://www.ul.ie/campus-life-services/customer-charter"}

{"url": "https://www.ul.ie/campus-life-services/visitor-services"}

{"url": "https://www.ul.ie/campus-life-services/visitor-services/where-to-eat-on-campus"}

{"url": "https://www.ul.ie/campus-life-services/conferences-sports-events/accommodation-for-your-event"}

{"url": "https://campuslifeweb.ul.ie/apply/"}

{"url": "https://campuslifeweb.ul.ie/apply/Pages/Registration/Lander.aspx"}

{"url": "https://www.campuslife.ul.ie/visitorservices/index.jsp?n=291&p=103"}

{"url": "https://www.campuslife.ul.ie/media/ULCampusMap20141.pdf"}

{"url": "https://www.campuslife.ul.ie/media/Student%20%20Handbook%2021.22.pdf"}

{"url": "https://www.campuslife.ul.ie/media/HandbookCompressed1.pdf"}

{"url": "https://www.campuslife.ul.ie/media/J16933PTRatesSheetsPOSTGRAD1.pdf"}

{"url": "https://www.campuslife.ul.ie/media/RhebogueInformation1.pdf"}

{"url": "https://www.campuslife.ul.ie/media/ULCorporateServicedApartmentsBrochureUpdContactDetails1.pdf"}

{"url": "https://www.campuslife.ul.ie/media/SummerVisitorGuideUpdated1.pdf"}

{"url": "https://www.ul.ie/media/56142/download?inline="}

{"url": "https://ulstudentlife.ie/"}

{"url": "https://ulstudentlife.ie/student-advice/"}

{"url": "https://ulstudentlife.ie/student-advice/accommodation/"}

{"url": "https://ulstudentlife.ie/about/new-student-centre/"}

{"url": "https://ulstudentlife.ie/about/faqs/"}

{"url": "https://ulstudentlife.ie/student-voice/faqs/"}

{"url": "https://ulstudentlife.ie/student-centre-services/jobs"}

{"url": "https://ulstudentlife.ie/news/article/ul-student-life/UL-Student-Life-Release-Stark-Findings-from-their-Accommodation-Survey/"}

{"url": "https://www.ul.ie/global"}

{"url": "https://www.ul.ie/global/incoming-students/why-ul"}

{"url": "https://www.ul.ie/global/incoming-students/need-know-information/getting-to-ul"}

{"url": "https://www.ul.ie/global/incoming-students/before-you-arrive/arriving-in-ireland"}

{"url": "https://www.ul.ie/global/incoming-students/pre-arrival-information/orientation/life-limerick"}

{"url": "https://www.ul.ie/global/incoming-students/after-you-arrive"}

{"url": "https://www.ul.ie/global/incoming-students/after-you-arrive/getting-set-up"}

{"url": "https://www.ul.ie/global/incoming-students/study-abroad"}

{"url": "https://www.ul.ie/global/incoming-students/after-you-arrive/immigration-employment/finding-a-job"}

{"url": "https://www.ul.ie/global/get-touch"}

{"url": "https://www.ul.ie/student-affairs/mature-students-office/future-students/mature-student-orientation"}

{"url": "https://www.ul.ie/academic-registry/exam-invigilator-availability-unijobs"}

{"url": "https://www.ul.ie/academic-registry/exam-invigilator-queries"}

{"url": "https://www.ul.ie/media/48514/download?inline="}

{"url": "https://www.ul.ie/media/34498/download?inline="}

{"url": "https://www.ul.ie/media/9102/download?inline="}

{"url": "https://www.ul.ie/media/9103/download?inline="}

{"url": "https://www.ul.ie/vacancies"}

{"url": "https://www.ul.ie/vacancies/working-in-ul"}

{"url": "https://www.ul.ie/vacancies/the-hiring-process"}

{"url": "https://www.ul.ie/hrvacancies/"}

{"url": "https://my.corehr.com/pls/esbsheulrecruit/erq_search_package.search_form?p_company=1&p_internal_external=E"}

{"url": "https://www.ul.ie/hr/about-hr-division/relocating-to-ireland"}

{"url": "https://www.ul.ie/cecd/students/career-services/job-vacancies"}

{"url": "https://www.ul.ie/cecd/employers/advertise-a-vacancy"}

{"url": "https://www.ul.ie/cecd/employers/recruit-at-ul"}
{"url": "https://www.ul.ie/scieng/department-computer-science-and-information-systems-staff"}
{"url": "https://www.ul.ie/"}
{"url": "https://www.ul.ie/scieng/department-computer-science-and-information-systems-staff"}
{"url": "https://pure.ul.ie/en/organisations/department-of-computer-science-information-systems"}
{"url": "https://www.ul.ie/scieng/mr-jj-collins"}
{"url": "https://www.ul.ie/scieng/mr-jj-collins-0"}
{"url": "https://pure.ul.ie/en/persons/john-j-collins"}
{"url": "https://www.ul.ie/courses/dr-simon-colreavy"}
{"url": "https://pure.ul.ie/en/persons/simon-colreavy-donnelly"}
{"url": "https://pure.ul.ie/en/organisations/interaction-design-centre"}
{"url": "https://www.ul.ie/scieng/dr-nikola-nikolov"}
{"url": "https://pure.ul.ie/en/persons/nicola-nicolov"}
{"url": "https://www.ul.ie/scieng/department-computer-science-and-information-systems-staff"}
{"url": "https://www.ul.ie/scieng/schools-and-departments/department-computer-science-and-information-systems/dr-salaheddin"}
{"url": "https://pure.ul.ie/en/persons/salaheddin-alakkari"}
{"url": "https://pure.ul.ie/en/organisations/department-of-computer-science-information-systems"}
{"url": "https://www.ul.ie/scieng/prof-dr-tiziana-margaria"}
{"url": "https://pure.ul.ie/en/persons/tiziana-margaria"}
{"url": "https://www.ul.ie/scieng/schools-and-departments/department-computer-science-and-information-systems/jane-kierse"}
{"url": "https://www.ul.ie/scieng/department-computer-science-and-information-systems-staff"}
{"url": "https://www.ul.ie/scieng/schools-and-departments/department-computer-science-and-information-systems/news/csis-2"}
{"url": "https://www.ul.ie/media/56117/download?inline="}
{"url": "https://www.ul.ie/media/48710/download?inline="}
{"url": "https://www.ul.ie/buildings"}
{"url": "https://www.ul.ie/buildings/campus-maps"}
{"url": "https://www.ul.ie/sites/default/files/global/Campus_Map.pdf"}
{"url": "https://www.ul.ie/sites/default/files/buildings/Main_Building_Wayfinding_Map.pdf"}
{"url": "https://www.ul.ie/global"}
{"url": "https://www.ul.ie/global/incoming-students/need-know-information/getting-to-ul"}
{"url": "https://www.ul.ie/global/incoming-students/before-you-arrive/arriving-in-ireland"}
{"url": "https://www.ul.ie/global/incoming-students/pre-arrival-information/orientation/life-limerick"}
{"url": "https://www.ul.ie/global/incoming-students/after-you-arrive/getting-set-up"}
{"url": "https://www.ul.ie/global/incoming-students/before-you-arrive/accommodation"}
{"url": "https://www.ul.ie/accommodation"}
{"url": "https://www.ul.ie/accommodation/living"}
{"url": "https://www.ul.ie/accommodation/private-accommodation"}
{"url": "https://www.ul.ie/accommodation/applying/fees-and-payment-information"}
{"url": "https://www.ul.ie/gps/student-accommodation"}
{"url": "https://www.ul.ie/artsoc/language-centre/accommodation"}
{"url": "https://www.accommodation.ul.ie/"}
{"url": "https://www.ul.ie/global/incoming-students/why-ul"}
{"url": "https://www.ul.ie/global/incoming-students/study-abroad"}
{"url": "https://www.ul.ie/global/incoming-students/erasmus-students"}
{"url": "https://www.ul.ie/global/incoming-students/non-eu-exchange-students"}
{"url": "https://www.ul.ie/global/get-touch"}
{"url": "https://www.ul.ie/academic-registry/exam-invigilator-availability-unijobs"}
{"url": "https://www.ul.ie/academic-registry/exam-invigilator-queries"}
{"url": "https://www.ul.ie/media/9102/download?inline="}
{"url": "https://www.ul.ie/media/34498/download?inline="}
{"url": "https://www.ul.ie/vacancies"}
{"url": "https://www.ul.ie/vacancies/working-in-ul"}
{"url": "https://www.ul.ie/vacancies/the-hiring-process"}
{"url": "https://www.ul.ie/buildings"}
{"url": "https://www.ul.ie/buildings/campus-maps"}
{"url": "https://www.ul.ie/sites/default/files/global/Campus_Map.pdf"}
{"url": "https://www.ul.ie/sites/default/files/buildings/Main_Building_Wayfinding_Map.pdf"}
{"url": "https://www.ul.ie/global/incoming-students/need-know-information/getting-to-ul"}
{"url": "https://www.ul.ie/global/incoming-students/before-you-arrive/arriving-in-ireland"}
{"url": "https://www.ul.ie/global/incoming-students/pre-arrival-information/orientation/life-limerick"}
{"url": "https://www.ul.ie/global/incoming-students/after-you-arrive/getting-set-up"}
{"url": "https://www.ul.ie/accommodation"}
{"url": "https://www.ul.ie/accommodation/living"}
{"url": "https://www.ul.ie/accommodation/private-accommodation"}
{"url": "https://www.ul.ie/accommodation/applying/fees-and-payment-information"}
{"url": "https://www.ul.ie/global/incoming-students/before-you-arrive/accommodation"}
